ID,OrderID,Serial,Vehicle,Created,Product,Invoice,InvoiceCost,Customer,DaysStored,SetStatus
ID-702E41E767,ORD-8E25B3475A,SER-D60912787B,Vehicle 01,2020-01-01 00:00:00,C34,INV-138F7EC64C,4199092,,1847,Complete
ID-1C9A6BE3C1,ORD-38F57244B7,SER-3036BA3C44,Vehicle 02,2020-01-01 00:00:00,Sample,INV-037624842C,3356706,Customer 01,1847,Incomplete
ID-B0AFEF76BF,ORD-1E330BCC1D,SER-D168ED73AE,Vehicle 03,2020-01-02 00:00:00,C34,INV-F42271A477,4795094,,1847,Incomplete
ID-CC02472FA5,ORD-2EEC596A06,SER-13B8DE4FFA,Vehicle 02,2020-01-01 00:00:00,iC34,INV-0968F475DC,4705140,Customer 02,1847,Incomplete
ID-05F9D66D99,ORD-0BBC2440BB,SER-A9E6044313,Vehicle 04,2020-01-01 00:00:00,C34,INV-BAB104BF03,2890350,,1847,Incomplete
ID-DC74FFE441,ORD-2498B3B2E9,SER-D1965F8A7C,Vehicle 05,2020-01-03 00:00:00,MH21,INV-94ECA7AED1,4343664,Customer 03,1846,Additionals
ID-04E91CFA22,ORD-1B88582138,SER-864012C0BE,Vehicle 06,2020-01-02 00:00:00,MH21,INV-069C3211A2,3462527,Customer 04,1846,Incomplete
ID-9EF46FE39C,ORD-7F7D6643FD,SER-A762A5131F,Vehicle 02,2020-01-02 00:00:00,iC34,INV-198E09D20D,2146006,Customer 05,1846,Complete
ID-793949C93E,ORD-86C41FF118,SER-2223555011,Vehicle 07,2020-01-03 00:00:00,C34,INV-6B3CEC99DD,4664929,Customer 06,1846,Complete
ID-C79C6B5C08,ORD-73205AFA96,SER-58521B2E0D,Vehicle 01,2020-01-04 00:00:00,Standard,INV-37EDB4E721,4903874,Customer 07,1845,Complete
ID-E316D6359D,ORD-BCA38D6FF0,SER-A5CF75BA6B,,2020-01-04 00:00:00,MH21,INV-DB2D46F34F,5431143,,1845,Incomplete
ID-09820DEE82,ORD-FDCE1FD17D,SER-718619987E,Vehicle 08,2020-01-05 00:00:00,MH21,INV-C62EFD0F36,5505450,Customer 08,1844,Complete
ID-EBDF1B3292,ORD-4F9C04D430,SER-2D7728F556,Vehicle 09,2020-01-05 00:00:00,Standard,INV-1E37767697,2575376,Customer 06,1843,Additionals
ID-63BDDCB0B7,ORD-60903692D9,SER-A0D0C558E4,Vehicle 03,2020-01-05 00:00:00,Standard,INV-7F4EEC5F83,3844439,Customer 09,1843,Complete
ID-4C9317C509,ORD-8D89A58FCB,SER-ACF6D82084,Vehicle 07,2020-01-06 00:00:00,MH21,INV-371CB79D1B,3156271,,1843,Complete
ID-2748ADB6ED,ORD-E200522598,SER-1391714F12,Vehicle 01,2020-01-06 00:00:00,Standard,INV-CA4B28831D,5541756,Customer 02,1843,Complete
ID-C84488FE8D,ORD-991E3244EF,SER-47EA28D1BB,Vehicle 10,2020-01-05 00:00:00,Sample,INV-3FAFFB898A,4908012,Customer 10,1843,Incomplete
ID-BDBD3450ED,ORD-578B4FD79E,SER-6C165406A1,Vehicle 11,2020-01-06 00:00:00,C34,INV-34BBBC87CD,3056333,Customer 11,1842,Incomplete
ID-DB8D99A0A7,ORD-6A0DFE259F,SER-4E5B0B4830,Vehicle 05,2020-01-07 00:00:00,MH21,INV-314F595C50,5185794,,1842,Incomplete
ID-959CAF1D7D,ORD-E98CE076A3,SER-3D7EC6483D,Vehicle 12,2020-01-07 00:00:00,MH21,INV-716A424B6B,4177925,Customer 12,1841,Complete
ID-0F3193FA72,ORD-074927A13D,SER-0212615C97,Vehicle 05,2020-01-07 00:00:00,Standard,INV-93358972E8,4006934,Customer 13,1841,Incomplete
ID-1AA93B1AB6,ORD-C658DC9ED0,SER-E6CF612A7E,Vehicle 03,2020-01-08 00:00:00,iC34,INV-2E4CABAD1D,5217831,Customer 08,1840,Incomplete
ID-5CAF0C34D2,ORD-61B60FBC6B,SER-57837189B8,Vehicle 02,2020-01-08 00:00:00,C34,INV-6B2F50FD74,5871788,Customer 07,1840,Complete
ID-365F4975CE,ORD-D4DA010A2D,SER-29DC79A100,Vehicle 13,2020-01-08 00:00:00,iC34,INV-B94E8516C8,2320420,Customer 13,1840,Incomplete
ID-C6EAF8A339,ORD-F9067E7D9B,SER-26CA740D27,Vehicle 05,2020-01-08 00:00:00,Standard,INV-BC5E210F83,3930749,,1840,Incomplete
ID-5110BF0D04,ORD-CB2904D6E9,SER-D8B3738334,,2020-01-10 00:00:00,MH21,INV-027DB280AA,4647136,Customer 03,1839,Incomplete
ID-FC30319EC3,ORD-B3FAC81707,SER-7DD676DED8,Vehicle 11,2020-01-10 00:00:00,Standard,INV-E293AFB988,5141213,,1838,Incomplete
ID-2B8AFE4141,ORD-84EA939663,SER-A619091FB1,Vehicle 14,2020-01-11 00:00:00,C34,INV-D7D1502064,2799490,Customer 14,1838,Incomplete
ID-A567A25815,ORD-1C246A4C8E,SER-C46BE3A17C,Vehicle 15,2020-01-11 00:00:00,MH21,INV-3DF82FFB33,2178494,,1837,Complete
ID-D83E1D8C3D,ORD-02991F2ECB,SER-B381EFC7F0,Vehicle 14,2020-01-11 00:00:00,MH21,INV-BCF16EEAD3,5441530,,1837,Incomplete
ID-FEC6D3F3A9,ORD-254BF44F96,SER-17A394BEA3,Vehicle 06,2020-01-11 00:00:00,C34,INV-5ED617A07F,2650846,Customer 15,1837,Incomplete
ID-A268C8DF17,ORD-DFCF557738,SER-E5B3BE4DD8,Vehicle 10,2020-01-12 00:00:00,C34,INV-506F1A9DF6,5215087,Customer 07,1837,Complete
ID-A0470F0095,ORD-2D62CEAE9C,SER-9A91D7992E,Vehicle 08,2020-01-11 00:00:00,C34,INV-5D614326F1,4648425,,1837,Incomplete
ID-4BA8AF924E,ORD-CD3474AD2F,SER-605D9EF729,Vehicle 04,2020-01-12 00:00:00,Standard,INV-7C5B0D0FD4,5349599,Customer 11,1837,Complete
ID-92B59C1DE0,ORD-C3DDB6BC4B,SER-A676BA31A0,Vehicle 11,2020-01-12 00:00:00,Standard,INV-3F833338B7,4403487,,1836,Incomplete
ID-454BD8B0F6,ORD-CDA562E5C4,SER-B9FB02615F,Vehicle 16,2020-01-13 00:00:00,Standard,INV-CB3C545AD6,4086670,Customer 04,1836,Complete
ID-6075DDE909,ORD-E9404A6658,SER-BCD6808855,Vehicle 02,2020-01-12 00:00:00,Sample,INV-2FC2C213BB,4315577,,1836,Incomplete
ID-DF53461299,ORD-A9644F818B,SER-C35449AC13,Vehicle 17,2020-01-12 00:00:00,Sample,INV-3786E8D28E,2017302,Customer 12,1836,Incomplete
ID-7EB775AD78,ORD-603C151FFB,SER-96B9A1E22E,Vehicle 06,2020-01-13 00:00:00,C34,INV-EC2DCBF1E2,3065796,Customer 02,1836,Complete
ID-4151978F9E,ORD-61120FDE6B,SER-CA8E2F6BB6,Vehicle 07,2020-01-14 00:00:00,C34,INV-0E4903F8A0,4126632,Customer 14,1835,Incomplete
ID-EADFC6A498,ORD-DA6039DD51,SER-8BE5F6E527,Vehicle 08,2020-01-13 00:00:00,Standard,INV-F0F2F33497,2226436,Customer 09,1835,Incomplete
ID-84579E36D6,ORD-B139731BD8,SER-1843678502,Vehicle 11,2020-01-14 00:00:00,Standard,INV-30EF57E986,5951043,Customer 12,1835,Additionals
ID-67B99B2A9E,ORD-F987F41828,SER-D393D62AFE,Vehicle 05,2020-01-13 00:00:00,Standard,INV-9351283BC5,3687835,,1835,Complete
ID-4D5675858E,ORD-5F85948EA4,SER-53A2589EEC,Vehicle 17,2020-01-14 00:00:00,iC34,INV-C24418849B,2191580,Customer 11,1834,Incomplete
ID-35F4314343,ORD-D4824FC6D2,SER-BD3F45DB87,Vehicle 02,2020-01-14 00:00:00,Standard,INV-3C5CE839B4,4983673,,1834,Complete
ID-1BA9667615,ORD-2309213C25,SER-F80EB1BBA1,Vehicle 08,2020-01-14 00:00:00,Standard,INV-9CE22070DD,4524654,Customer 05,1834,Incomplete
ID-35A942BDE5,ORD-27CF0860EA,SER-70D7F6C904,Vehicle 03,2020-01-15 00:00:00,iC34,INV-BC2522F8F6,4865621,Customer 13,1833,Incomplete
ID-B7AED9756B,ORD-773131B0E3,SER-9F98A660CC,Vehicle 03,2020-01-16 00:00:00,Sample,INV-A2A8105C17,4110020,Customer 09,1833,Complete
ID-4CC895B65F,ORD-E6ADDA78AE,SER-BF1673453E,Vehicle 05,2020-01-17 00:00:00,MH21,INV-65192D1229,4051588,,1832,Incomplete
ID-C2CD649C96,ORD-BD6A87291C,SER-4C8114FB7B,Vehicle 03,2020-01-16 00:00:00,C34,INV-A01AFA57BA,3482987,Customer 12,1832,Complete
ID-7D25581267,ORD-1AFEB6ACB6,SER-D4FFC3A13A,Vehicle 17,2020-01-17 00:00:00,MH21,INV-4B607F3009,2964869,,1832,Additionals
ID-547917068E,ORD-15D551E04A,SER-979E966651,Vehicle 08,2020-01-17 00:00:00,Standard,INV-16DC9B2B5C,4065327,Customer 06,1831,Complete
ID-070875042A,ORD-10335E7C81,SER-9A130F21BF,Vehicle 05,2020-01-17 00:00:00,Standard,INV-F3A90F145B,4158654,Customer 08,1831,Incomplete
ID-8AC746E63F,ORD-E6159211E0,SER-A64462951C,Vehicle 08,2020-01-19 00:00:00,C34,INV-E3703FEAE9,2637837,Customer 10,1830,Incomplete
ID-E14E52C3BC,ORD-28365DC4BB,SER-EA84BA530E,Vehicle 02,2020-01-18 00:00:00,Standard,INV-FF655CE5D6,2313888,,1830,Complete
ID-46A33E50F2,ORD-2B57E0FCDB,SER-11593C4B70,Vehicle 03,2020-01-19 00:00:00,C34,INV-3C6397BF7E,3439377,,1829,Complete
ID-A759C23615,ORD-666885AF04,SER-D3AE2217AD,Vehicle 04,2020-01-19 00:00:00,Standard,INV-1A7D2114DA,5425581,Customer 11,1829,Incomplete
ID-76D6FFC286,ORD-2D179AB4F2,SER-401A0608F5,Vehicle 04,2020-01-20 00:00:00,C34,INV-B9F905EF8A,3753444,,1829,Incomplete
ID-5F053FCF5D,ORD-D603AF87D4,SER-9BBCB103F2,Vehicle 02,2020-01-19 00:00:00,C34,INV-9592CB5F7B,4750385,Customer 09,1829,Incomplete
ID-E18DF0B42C,ORD-D2F99E097A,SER-8C07BFCFF2,Vehicle 12,2020-01-19 00:00:00,C34,INV-975CA7CD3D,4977025,Customer 02,1829,Incomplete
ID-FD2119AD6E,ORD-84FE0B15CE,SER-C3A2056843,Vehicle 08,2020-01-19 00:00:00,C34,INV-83331AEA1B,3255789,Customer 01,1829,Incomplete
ID-38E62D8D90,ORD-18A231D883,SER-4DDA1D6330,Vehicle 08,2020-01-19 00:00:00,Standard,INV-D4EE611EB5,2972089,Customer 02,1829,Complete
ID-6A41D14C96,ORD-B7CB661C6F,SER-F3AC56D7B6,Vehicle 05,2020-01-19 00:00:00,Standard,INV-2A6121BA89,3915639,Customer 06,1829,Incomplete
ID-FBEFC07855,ORD-7788889389,SER-5BB41E0D1A,Vehicle 03,2020-01-20 00:00:00,C34,INV-85EB18AF5C,2572884,,1828,Complete
ID-51329A65CF,ORD-D9A106BEF9,SER-7D445CF98A,Vehicle 17,2020-01-20 00:00:00,C34,INV-9265E1CF9C,3554371,Customer 03,1828,Complete
ID-772DA7737F,ORD-53AD535B3C,SER-413AB0C249,Vehicle 03,2020-01-20 00:00:00,Standard,INV-BFA1D7E241,4856888,Customer 08,1828,Complete
ID-C93E1DC95E,ORD-13AED4379E,SER-10C1D305D9,Vehicle 05,2020-01-22 00:00:00,Standard,INV-E5CDC9D5B8,5714234,,1827,Incomplete
ID-674B2AC390,ORD-3605582677,SER-2D4C497CD1,Vehicle 02,2020-01-22 00:00:00,C34,INV-59CF61288F,4952390,,1827,Incomplete
ID-03F88039D6,ORD-17F48EB9BC,SER-1C82663EA4,Vehicle 05,2020-01-22 00:00:00,C34,INV-6C83B3FE79,3988035,,1827,Incomplete
ID-1CEBB24509,ORD-B1D6890907,SER-819D04B94B,Vehicle 02,2020-01-22 00:00:00,Standard,INV-594C5F067F,5326447,Customer 02,1826,Incomplete
ID-7929BF0CFF,ORD-9A5ADEACD6,SER-3CA35503DA,Vehicle 02,2020-01-23 00:00:00,MH21,INV-48F21B4E91,5475032,,1825,Incomplete
ID-93C64657E9,ORD-5ABC653786,SER-F70A0C973D,Vehicle 03,2020-01-23 00:00:00,iC34,INV-CA4B28831D,4321707,Customer 08,1825,Incomplete
ID-6465D763DB,ORD-A1CF01E92C,SER-88A7DF7C1B,Vehicle 09,2020-01-24 00:00:00,Sample,INV-E2DCB79727,4417821,,1825,Complete
ID-2DED4B9369,ORD-BB6D0E6C18,SER-D3D9CC0150,,2020-01-24 00:00:00,MH21,INV-25563A450B,2607152,,1824,Complete
ID-483D157DFF,ORD-5ED573F677,SER-3970C860B2,Vehicle 13,2020-01-26 00:00:00,MH21,INV-48752AEE46,3292911,Customer 01,1823,Additionals
ID-B7EE1E584E,ORD-0FEDA5D2B2,SER-24DB87FA88,Vehicle 18,2020-01-27 00:00:00,iC34,INV-6C02E0A73A,4806080,,1822,Incomplete
ID-161E018766,ORD-60A73FE8DB,SER-0DDCB60C7F,Vehicle 03,2020-01-27 00:00:00,Standard,INV-A31268B7E1,4951580,Customer 14,1822,Incomplete
ID-EEEFABBF0D,ORD-6C408CF850,SER-F73E016783,Vehicle 05,2020-01-26 00:00:00,C34,INV-364A7E9C36,2078672,Customer 14,1822,Incomplete
ID-CE5C14372E,ORD-FB4B4D83E4,SER-7700BAF7E2,Vehicle 08,2020-01-28 00:00:00,MH21,INV-580F02852C,5202974,,1821,Incomplete
ID-CC0A9CE181,ORD-9C0F271327,SER-A291834F3D,,2020-01-27 00:00:00,C34,INV-4C964A88E4,2858962,Customer 08,1821,Incomplete
ID-7A80A7DB3C,ORD-BAF2AFACC1,SER-3918191239,Vehicle 16,2020-01-28 00:00:00,MH21,INV-AF0F34BA3F,5740547,Customer 05,1820,Incomplete
ID-2558460BDB,ORD-4A1A6AA4ED,SER-FDF16CA5B9,Vehicle 06,2020-01-28 00:00:00,C34,INV-DE75B8FB5E,3395492,Customer 03,1820,Additionals
ID-ABD8DE2B4A,ORD-C30DF075EB,SER-2B0CE4131F,Vehicle 18,2020-01-28 00:00:00,iC34,INV-768D8A8679,2430600,Customer 14,1820,Complete
ID-00F03A5715,ORD-C071B71B78,SER-228BC6C4D1,Vehicle 12,2020-01-29 00:00:00,Standard,INV-2F8F2ACB0F,5424791,Customer 04,1819,Additionals
ID-9CAA5851D2,ORD-20D5585302,SER-15342A2182,Vehicle 10,2020-01-29 00:00:00,Sample,INV-CCE17855AD,4377126,,1819,Complete
ID-1B1D2511BA,ORD-BDF1A36039,SER-C0931C804F,Vehicle 17,2020-01-30 00:00:00,MH21,INV-DDF7E98DA6,3383925,Customer 05,1818,Complete
ID-ED91CE38C3,ORD-B4FF5B88BC,SER-FD64F3322F,Vehicle 05,2020-01-30 00:00:00,Sample,INV-DD95AE5137,2617794,Customer 15,1818,Complete
ID-8EE5AABE2E,ORD-22BDD122B1,SER-9EAFF55FBF,Vehicle 02,2020-01-30 00:00:00,MH21,INV-E37F83B747,3147707,,1818,Incomplete
ID-B4A344896A,ORD-B9CAC843DD,SER-AF7219E569,Vehicle 05,2020-02-01 00:00:00,Standard,INV-5661CC5073,2131241,,1816,Incomplete
ID-4E5982894F,ORD-3C165645F3,SER-FDA725A85F,Vehicle 08,2020-02-03 00:00:00,Standard,INV-A3B9042024,3347258,Customer 14,1814,Incomplete
ID-F211AE72B7,ORD-1B69DC0905,SER-D6FDE3B9C8,Vehicle 01,2020-02-04 00:00:00,Standard,INV-95F224402C,3031869,Customer 05,1814,Incomplete
ID-6570C602D3,ORD-2AF7234838,SER-016B2F27B6,Vehicle 03,2020-02-03 00:00:00,Standard,INV-67B03F186D,2954110,Customer 08,1814,Complete
ID-4A00A6D5E1,ORD-4197843FE4,SER-6152698CDE,Vehicle 03,2020-02-04 00:00:00,Standard,INV-16DE846986,5170509,,1814,Complete
ID-1A1416D761,ORD-4150DCF7F3,SER-06A5B6EEB4,,2020-02-06 00:00:00,C34,INV-BC56A11FA5,5941360,Customer 06,1811,Additionals
ID-6B4B28CF5B,ORD-ACFE8DDDFE,SER-6F401D22D8,Vehicle 03,2020-02-06 00:00:00,Standard,INV-FBBF0ADF1D,3290778,Customer 04,1811,Complete
ID-1291B6535F,ORD-0883F522E7,SER-A3EF79CE04,Vehicle 03,2020-02-08 00:00:00,C34,INV-D648109CEC,3438759,,1809,Complete
ID-3136BDF876,ORD-BBDB48AA29,SER-316C8AFB5A,Vehicle 17,2020-02-09 00:00:00,Sample,INV-AF0D8DE01F,5983917,Customer 07,1808,Additionals
ID-E5DF8CDFBE,ORD-445323E883,SER-C4567947D8,Vehicle 02,2020-02-09 00:00:00,C34,INV-40B80E2E61,5731615,,1808,Complete
ID-8AD7CB8B7A,ORD-5F9CE7DFA9,SER-A6260635FF,Vehicle 02,2020-02-10 00:00:00,C34,INV-BE8751F206,3921703,Customer 14,1808,Complete
ID-25E10DC2EE,ORD-9558B10235,SER-65D36B79FA,Vehicle 01,2020-02-09 00:00:00,iC34,INV-25581FAA95,5660842,,1808,Incomplete
ID-D54FAFE9CB,ORD-10FBC3879D,SER-1483DB3A2D,Vehicle 05,2020-02-10 00:00:00,MH21,INV-CA59FCF0B0,5520619,,1808,Complete
ID-52D385F19C,ORD-FCE3D2F041,SER-A6683877B7,Vehicle 06,2020-02-10 00:00:00,Standard,INV-E2FEB6CCAB,5472517,Customer 03,1807,Incomplete
ID-2AE0F579FD,ORD-71E1D8AA4C,SER-3BD4D722A3,Vehicle 05,2020-02-11 00:00:00,C34,INV-9351DA8D91,3489737,Customer 07,1807,Incomplete
ID-62D6C121B4,ORD-8E1ED94EB6,SER-963F356CBA,Vehicle 10,2020-02-11 00:00:00,C34,INV-4433BBD7FE,3230772,Customer 08,1806,Additionals
ID-C9DBF6A473,ORD-ADC170C45D,SER-9EE0BA9B67,Vehicle 09,2020-02-12 00:00:00,C34,INV-37B381B448,4155875,,1805,Incomplete
ID-5AB0562B84,ORD-C8A4D03374,SER-7856DFDC52,Vehicle 05,2020-02-14 00:00:00,C34,INV-103CADD84E,3604321,Customer 02,1804,Incomplete
ID-5A1BBD02EF,ORD-46E7B520CE,SER-53F59C2684,Vehicle 06,2020-02-13 00:00:00,MH21,INV-54DA3D8151,3516557,Customer 03,1804,Incomplete
ID-E79B632974,ORD-9118AC376D,SER-2ECA31B780,Vehicle 18,2020-02-13 00:00:00,MH21,INV-88D6C8BA8F,2670809,Customer 03,1804,Incomplete
ID-8D7461D673,ORD-E100736C0F,SER-2DC8C6B96B,,2020-02-13 00:00:00,C34,INV-A450ED4363,4798896,,1804,Incomplete
ID-AFC2AED818,ORD-250C932E42,SER-B82ECF3FED,Vehicle 15,2020-02-15 00:00:00,Standard,INV-C5328CD71E,3879789,Customer 07,1803,Incomplete
ID-D127945A2E,ORD-761537AE3F,SER-89AEB607F4,Vehicle 01,2020-02-15 00:00:00,C34,INV-F881F0668D,2777749,Customer 01,1803,Incomplete
ID-886064B395,ORD-9F56402504,SER-74FA208620,Vehicle 06,2020-02-15 00:00:00,MH21,INV-389875D4B5,5457952,Customer 11,1803,Incomplete
ID-B13B10330C,ORD-3C005C04AD,SER-20709C8A28,Vehicle 04,2020-02-16 00:00:00,Standard,INV-C5328CD71E,3175315,Customer 02,1802,Complete
ID-2C1DD5135D,ORD-252915D87F,SER-BBFF4FE7EC,Vehicle 18,2020-02-15 00:00:00,Standard,INV-A486BD231F,2963313,,1802,Incomplete
ID-4BA23D5B47,ORD-2E4350E081,SER-99E48FE40B,Vehicle 03,2020-02-15 00:00:00,iC34,INV-969ACE67BC,2220840,Customer 07,1802,Incomplete
ID-B5E2DBBA78,ORD-7C2202ED5A,SER-02B2D844E5,Vehicle 08,2020-02-17 00:00:00,iC34,INV-E513653CA2,5858204,Customer 06,1801,Incomplete
ID-5492A748BE,ORD-3381F31A3B,SER-27363334A7,Vehicle 04,2020-02-16 00:00:00,C34,INV-F88018ADB5,3279601,Customer 02,1801,Additionals
ID-B6D71436ED,ORD-8B897065AD,SER-455997F6DE,Vehicle 08,2020-02-18 00:00:00,MH21,INV-BEF8AFEDD0,5944623,Customer 10,1799,Complete
ID-6056723026,ORD-2F841D03D0,SER-09D7A2728E,Vehicle 03,2020-02-19 00:00:00,Sample,INV-351581A2EB,3066634,Customer 15,1798,Complete
ID-7CE0BDAC78,ORD-71C48ACD43,SER-C9993243AA,Vehicle 05,2020-02-19 00:00:00,Standard,INV-4E131EB541,4697617,Customer 01,1798,Incomplete
ID-D5568D628A,ORD-3F31D8238F,SER-797E1B78DC,Vehicle 02,2020-02-20 00:00:00,C34,INV-99D3D04027,4083870,,1797,Complete
ID-F9354A1DF2,ORD-9A9F6CF4F2,SER-0712015F80,Vehicle 08,2020-02-22 00:00:00,MH21,INV-A44141E422,3786586,Customer 03,1796,Incomplete
ID-C220EFB984,ORD-E0E934135D,SER-AA90A32CFD,Vehicle 16,2020-02-21 00:00:00,Standard,INV-D9BBAA506B,3794222,Customer 09,1796,Incomplete
ID-7774964E05,ORD-AF8FA6B424,SER-FED86D3FEA,Vehicle 17,2020-02-21 00:00:00,Standard,INV-A1C7C7430C,3479331,Customer 03,1796,Incomplete
ID-EEBBAC4E92,ORD-46CE671F49,SER-EB25A93D56,Vehicle 03,2020-02-21 00:00:00,Sample,INV-848B4FFB45,2361492,Customer 02,1796,Complete
ID-87694AD8D4,ORD-93892D0228,SER-BEAF320DE5,Vehicle 07,2020-02-22 00:00:00,C34,INV-0E3FB52839,2769429,Customer 02,1796,Complete
ID-F9613F5E56,ORD-A824A847EA,SER-CB006AE60A,Vehicle 08,2020-02-23 00:00:00,Standard,INV-200A8D1BF7,4945588,Customer 12,1795,Complete
ID-B1FA97C8B0,ORD-AAFC485EC4,SER-A3F716B600,Vehicle 02,2020-02-22 00:00:00,Sample,INV-D9F718B7A1,4574216,Customer 05,1795,Additionals
ID-7D88ED9F0B,ORD-FCBF68D801,SER-797D7399ED,Vehicle 03,2020-02-22 00:00:00,MH21,INV-E5BB5A6DAD,4893851,Customer 06,1795,Complete
ID-E82F3A0E58,ORD-170F1FB676,SER-C1A98AD54E,Vehicle 02,2020-02-22 00:00:00,MH21,INV-72E2A91D9F,3455318,,1795,Incomplete
ID-E69F1BB40C,ORD-391AFCA78C,SER-93DD7AB4CA,Vehicle 07,2020-02-24 00:00:00,C34,INV-A480323577,4359759,,1794,Complete
ID-2367618F05,ORD-C8EF4430D1,SER-42F5BDD05C,Vehicle 05,2020-02-24 00:00:00,Standard,INV-61DC25E8E4,3103472,Customer 10,1793,Complete
ID-4D034726C7,ORD-37A428F514,SER-69D969BE87,Vehicle 03,2020-02-25 00:00:00,Standard,INV-BD3E34EC19,5431489,Customer 06,1793,Additionals
ID-99500E5549,ORD-E1B6B9E7A4,SER-59964220D3,Vehicle 03,2020-02-24 00:00:00,Standard,INV-704389224D,5563941,Customer 04,1793,Incomplete
ID-3B035801C9,ORD-D251FBBE6E,SER-5A71095290,Vehicle 09,2020-02-24 00:00:00,Sample,INV-E7831968F2,2951406,,1793,Incomplete
ID-6AAB3D146F,ORD-4DC28C98A4,SER-CE00A93E35,Vehicle 12,2020-02-24 00:00:00,MH21,INV-BC2522F8F6,5925230,Customer 08,1793,Incomplete
ID-2BE49B1172,ORD-E25B81AF14,SER-4AD3315A67,Vehicle 12,2020-02-25 00:00:00,C34,INV-C53D54A51A,2539340,Customer 14,1793,Complete
ID-9C8AA6B0EA,ORD-49BCC53604,SER-A49D29C73B,Vehicle 11,2020-02-25 00:00:00,Standard,INV-4E2A988797,5533004,Customer 01,1792,Incomplete
ID-E0952A6646,ORD-1DEF061A1A,SER-51EFC8A53A,Vehicle 05,2020-02-25 00:00:00,C34,INV-421B5DE118,5479886,Customer 09,1792,Complete
ID-528BD9A671,ORD-347E9A73DC,SER-69D2AB5C35,Vehicle 05,2020-02-26 00:00:00,Standard,INV-4E6F2D4ACA,4924495,Customer 13,1791,Complete
ID-0423CB93CD,ORD-650DEFBF72,SER-80BF0F9AA1,Vehicle 07,2020-02-27 00:00:00,MH21,INV-D6ADAA912A,4270278,Customer 06,1791,Incomplete
ID-F85CFEB1F9,ORD-AB9B3317E1,SER-3FE62EE9A5,Vehicle 11,2020-02-26 00:00:00,C34,INV-200A8D1BF7,3588044,,1791,Incomplete
ID-6C4F42B70D,ORD-01DB06FA5D,SER-1D601237A5,Vehicle 15,2020-02-26 00:00:00,MH21,INV-6ADD2A4F79,5501019,Customer 12,1791,Incomplete
ID-C0BA4531E9,ORD-2FC87AFFC5,SER-4CA28E7706,,2020-02-27 00:00:00,C34,INV-DA6DE07C9C,4740533,,1790,Complete
ID-817B977FC7,ORD-EC7928E530,SER-382FE30A51,Vehicle 19,2020-02-27 00:00:00,C34,INV-05F2B94B06,3459676,Customer 11,1790,Incomplete
ID-3E37261BFE,ORD-1654480680,SER-1C0C24990C,Vehicle 05,2020-02-27 00:00:00,iC34,INV-B330888501,3664809,Customer 15,1790,Complete
ID-E8D302D137,ORD-89649B918F,SER-A6A26E3692,Vehicle 02,2020-02-28 00:00:00,MH21,INV-90FC4FD579,5138445,Customer 11,1789,Incomplete
ID-E478F1AF82,ORD-083285528D,SER-3C5EC0021D,Vehicle 03,2020-02-29 00:00:00,C34,INV-B03801E431,5597358,Customer 03,1789,Complete
ID-C1C2AD4F21,ORD-23987959D5,SER-52F4F023B1,Vehicle 08,2020-02-28 00:00:00,C34,INV-217C9E3FBF,4905742,Customer 02,1789,Complete
ID-0BCB0F133B,ORD-DD794955DE,SER-139F7C2ACA,Vehicle 13,2020-03-01 00:00:00,MH21,INV-DF8A1C92ED,5740303,Customer 04,1788,Additionals
ID-856BC5A907,ORD-07A07999FC,SER-EB8FFC592A,Vehicle 10,2020-02-29 00:00:00,C34,INV-3F7E80EBE6,2870185,Customer 09,1788,Incomplete
ID-2D417AC88E,ORD-ED518F5EAD,SER-BD5B822588,Vehicle 13,2020-03-01 00:00:00,C34,INV-B81C65BAB8,3656136,Customer 04,1788,Incomplete
ID-ED0B9546B3,ORD-453C44E40C,SER-4051F81095,Vehicle 03,2020-02-29 00:00:00,C34,INV-C4B8488508,2197210,Customer 08,1788,Complete
ID-E117B4B9FF,ORD-52DC3DA1E9,SER-95BBA7227D,Vehicle 17,2020-02-29 00:00:00,Standard,INV-8C20A04A15,2639295,Customer 06,1788,Incomplete
ID-DF182DC65B,ORD-E664094190,SER-6010173C59,Vehicle 05,2020-03-01 00:00:00,C34,INV-3EBBFF2A5C,2735612,Customer 01,1787,Incomplete
ID-8E83946206,ORD-8FAF90851B,SER-C2E107D174,Vehicle 06,2020-03-02 00:00:00,MH21,INV-F9C8A639DB,2809303,Customer 03,1787,Incomplete
ID-66C09781CB,ORD-A4588FCABF,SER-954CDA6658,,2020-03-03 00:00:00,iC34,INV-492BF25FE3,5649374,Customer 02,1786,Complete
ID-467BF095C4,ORD-D0EC25B09F,SER-12033356C1,Vehicle 02,2020-03-03 00:00:00,Sample,INV-BF7CE75296,5024386,Customer 13,1785,Additionals
ID-F13F7FCDA0,ORD-6E11262562,SER-3F70F0A535,Vehicle 09,2020-03-03 00:00:00,C34,INV-8252DB87B8,5430363,Customer 05,1785,Incomplete
ID-E567CDE30B,ORD-06BB554349,SER-B994D705B7,Vehicle 16,2020-03-04 00:00:00,MH21,INV-325EC6DED9,3315857,Customer 05,1784,Incomplete
ID-14D0ADDB5C,ORD-683BC39D8B,SER-137483004B,Vehicle 03,2020-03-05 00:00:00,MH21,INV-5FDE05DD0D,5814175,Customer 15,1784,Complete
ID-57F2C29331,ORD-929A8A653C,SER-96BE6C81E1,Vehicle 20,2020-03-04 00:00:00,Standard,INV-8DCD6274A5,3897241,Customer 03,1784,Incomplete
ID-6DBF902186,ORD-BCBD9BDE49,SER-D2B528EED4,Vehicle 01,2020-03-07 00:00:00,C34,INV-FE4647C2CE,5206079,,1782,Incomplete
ID-3247AEA777,ORD-30906AB898,SER-4219386996,Vehicle 01,2020-03-06 00:00:00,MH21,INV-943D477AD5,5905596,,1782,Complete
ID-533E23B1BA,ORD-116E013B09,SER-1A13C0475C,Vehicle 15,2020-03-06 00:00:00,Standard,INV-965283C359,2956076,Customer 15,1782,Incomplete
ID-968B5DC1BF,ORD-AA13A6FFF2,SER-21A55096E0,Vehicle 12,2020-03-07 00:00:00,C34,INV-14860CCFA5,2813990,Customer 03,1781,Incomplete
ID-9788BB09DD,ORD-3F3FDDE5A1,SER-102999AE7E,Vehicle 04,2020-03-07 00:00:00,Standard,INV-739E9329B8,4513124,Customer 02,1781,Additionals
ID-42D9141D39,ORD-4674A51E48,SER-670866903D,Vehicle 03,2020-03-07 00:00:00,MH21,INV-C39D6A7589,2112312,Customer 03,1781,Complete
ID-CC152FFAD3,ORD-1D0F3B47F7,SER-13F16A55B9,Vehicle 01,2020-03-08 00:00:00,C34,INV-A91BAC9165,2386159,,1780,Incomplete
ID-AF5BB19537,ORD-122F8C6DFC,SER-B8E632ADF0,Vehicle 07,2020-03-08 00:00:00,MH21,INV-00AD758D09,4892504,Customer 06,1780,Incomplete
ID-95F803310F,ORD-9B0E7774EC,SER-C38FAD48AA,Vehicle 12,2020-03-09 00:00:00,Sample,INV-4489FB1CDE,5367794,Customer 09,1779,Incomplete
ID-F12603F10B,ORD-FC8C3E8C39,SER-FFAF4FD1BB,Vehicle 12,2020-03-10 00:00:00,MH21,INV-7726DFFC52,3800823,Customer 02,1778,Incomplete
ID-9E256891C4,ORD-1C9C866928,SER-B2C4F93980,Vehicle 10,2020-03-10 00:00:00,C34,INV-1595585092,2983684,Customer 14,1778,Complete
ID-FFE9377B0D,ORD-B0FC7A315B,SER-C1764A0645,Vehicle 03,2020-03-12 00:00:00,Standard,INV-618F689708,3258993,Customer 10,1777,Incomplete
ID-6D74720208,ORD-4D424505CB,SER-F1E0DC174A,Vehicle 09,2020-03-11 00:00:00,MH21,INV-B35035D2EB,3751232,Customer 15,1777,Complete
ID-0C611903BE,ORD-B8E5C84A42,SER-BAFE682D88,Vehicle 10,2020-03-12 00:00:00,C34,INV-6EF36A3260,5779724,Customer 12,1776,Complete
ID-B3F0296B13,ORD-8A456DB40F,SER-861AD1D06B,Vehicle 02,2020-03-13 00:00:00,C34,INV-21121AF560,5050021,,1775,Incomplete
ID-C50051088E,ORD-1882BEDCF3,SER-4BC1BFBCD6,Vehicle 03,2020-03-13 00:00:00,C34,INV-DDE8A82008,4321350,,1775,Incomplete
ID-2F8E12BC8D,ORD-620CD0F397,SER-C3A7E33DBE,Vehicle 09,2020-03-15 00:00:00,iC34,INV-62238C4666,5215148,Customer 14,1773,Incomplete
ID-FC24B92769,ORD-7C1B40CE1F,SER-1E63F7F3AB,Vehicle 01,2020-03-15 00:00:00,MH21,INV-011B08E131,3567068,,1773,Incomplete
ID-D9E94917B8,ORD-D7654BF195,SER-56DC11CE9B,Vehicle 19,2020-03-15 00:00:00,Sample,INV-59D635F903,4350622,Customer 07,1773,Incomplete
ID-3956AE51A0,ORD-31E4DFF326,SER-8B59190EDD,Vehicle 02,2020-03-17 00:00:00,Standard,INV-0224D40C6B,2969016,,1772,Complete
ID-840C7B8EB5,ORD-9103770C9A,SER-1B0604BEF4,Vehicle 03,2020-03-17 00:00:00,Standard,INV-27EFF825CE,2628178,,1772,Incomplete
ID-ECBE8CF27F,ORD-C8DFB4070D,SER-0BC7E059A6,Vehicle 02,2020-03-16 00:00:00,Standard,INV-646CF6EF9C,3387240,Customer 01,1772,Complete
ID-516029E336,ORD-0DD152A25F,SER-9FF1DBF15D,Vehicle 05,2020-03-16 00:00:00,Standard,INV-F905CD1F54,4783978,Customer 07,1772,Incomplete
ID-13496A8085,ORD-43A3B80FBC,SER-F999EE5717,Vehicle 03,2020-03-17 00:00:00,MH21,INV-84371A5745,3598010,Customer 08,1772,Incomplete
ID-E18FF6AC11,ORD-AF09C90429,SER-40E7DCBC96,Vehicle 03,2020-03-18 00:00:00,Standard,INV-2B302D17DE,3066219,Customer 11,1771,Incomplete
ID-09BD12AB85,ORD-45521E36ED,SER-9E13DC1730,Vehicle 08,2020-03-18 00:00:00,iC34,INV-676F915B3E,3443729,Customer 15,1771,Complete
ID-0A71E99D62,ORD-54C1ABC842,SER-1CD13C6EF1,Vehicle 06,2020-03-17 00:00:00,MH21,INV-221653ADFD,3969011,Customer 13,1771,Complete
ID-EC8DB810CF,ORD-6D52E6636B,SER-F4D74B8BD5,Vehicle 03,2020-03-17 00:00:00,C34,INV-2937512469,5865122,Customer 05,1771,Incomplete
ID-551ECCA633,ORD-7006B0AD3B,SER-562E225D2E,,2020-03-19 00:00:00,Standard,INV-59324A2F45,5245281,,1770,Complete
ID-03FB385885,ORD-182D21DFCB,SER-01ADEAD12A,Vehicle 03,2020-03-18 00:00:00,C34,INV-5F9C62147B,3638463,Customer 03,1770,Incomplete
ID-64F7552AF2,ORD-BC756FED22,SER-185C36774B,Vehicle 14,2020-03-18 00:00:00,MH21,INV-B9634EFC95,2669124,Customer 02,1770,Incomplete
ID-F21783EBCE,ORD-0CFA6C363D,SER-ED82CDA132,Vehicle 07,2020-03-20 00:00:00,Standard,INV-42DD218077,5657007,Customer 05,1769,Incomplete
ID-879986F81F,ORD-107AE00423,SER-5925274114,Vehicle 20,2020-03-21 00:00:00,MH21,INV-D01EBDAAAD,5406530,Customer 06,1768,Complete
ID-99976290CE,ORD-D00547733E,SER-85C456ABEA,Vehicle 12,2020-03-20 00:00:00,Standard,INV-D62502D5D7,4716682,Customer 12,1768,Incomplete
ID-F317FC9622,ORD-C4523C17CE,SER-BB07FB7D57,Vehicle 02,2020-03-20 00:00:00,Standard,INV-2D6A0CE332,3922954,Customer 11,1768,Incomplete
ID-B0C97FFA77,ORD-AAE2394210,SER-FF2F671472,Vehicle 03,2020-03-20 00:00:00,MH21,INV-E488FB402B,4983935,Customer 11,1768,Additionals
ID-5457C33114,ORD-568564F946,SER-884538E593,Vehicle 03,2020-03-22 00:00:00,Standard,INV-DD478E48CB,2439684,Customer 11,1767,Incomplete
ID-F8420AA468,ORD-C3139358DB,SER-AA7AC4BADE,Vehicle 02,2020-03-21 00:00:00,MH21,INV-222C77E270,2779809,Customer 06,1767,Complete
ID-D4236E78F6,ORD-4ADE80B325,SER-F29CB87902,Vehicle 16,2020-03-21 00:00:00,Standard,INV-DB1D01657C,2262713,Customer 11,1767,Complete
ID-098A39562F,ORD-882B15E0F4,SER-C43BF502CF,,2020-03-21 00:00:00,MH21,INV-36F104F192,4253597,Customer 06,1767,Complete
ID-95EF778B40,ORD-334F89E773,SER-E94AF99D7E,Vehicle 17,2020-03-22 00:00:00,Sample,INV-907B3A05CA,5395320,,1766,Incomplete
ID-E2C87814A2,ORD-5106EB02D9,SER-FBEEF7B47B,Vehicle 09,2020-03-23 00:00:00,Sample,INV-BDB7BBF878,2889800,Customer 06,1766,Incomplete
ID-486F79F7D7,ORD-3D423F8713,SER-4CD258C86D,Vehicle 11,2020-03-22 00:00:00,C34,INV-AB12358FC1,3792123,Customer 13,1766,Additionals
ID-F04200EFCC,ORD-C79351592B,SER-90139BC9D8,Vehicle 02,2020-03-23 00:00:00,C34,INV-F6164D372C,4297385,Customer 11,1765,Complete
ID-B662A90324,ORD-E8A453F1A9,SER-4011305C62,Vehicle 07,2020-03-26 00:00:00,Standard,INV-110BD595C6,3868399,Customer 15,1763,Complete
ID-90F58FD3AB,ORD-A7F9A452D0,SER-5DE7C206BB,Vehicle 08,2020-03-26 00:00:00,Sample,INV-26EBE5F681,5271773,Customer 09,1763,Complete
ID-EBD1A47C8A,ORD-1CD61612F8,SER-EF9636C0B4,Vehicle 02,2020-03-25 00:00:00,iC34,INV-AF00A5B23E,4473907,Customer 12,1763,Complete
ID-F77AB54BF9,ORD-9AEC7AF097,SER-D3B25E5C66,Vehicle 11,2020-03-27 00:00:00,Standard,INV-3834DF264F,2038269,Customer 07,1762,Incomplete
ID-29C0136B36,ORD-B252CCD0EA,SER-1CFAB5707F,Vehicle 05,2020-03-27 00:00:00,MH21,INV-6675EFAD73,4706992,,1762,Incomplete
ID-8A2E4F0A78,ORD-8B1A4059E5,SER-144E0E4657,Vehicle 04,2020-03-27 00:00:00,Sample,INV-1B8F777D43,2792050,Customer 14,1761,Incomplete
ID-15E848E5D0,ORD-4D1149726B,SER-A4673537E2,Vehicle 17,2020-03-28 00:00:00,Standard,INV-0479F85897,3212850,,1761,Complete
ID-EE4CE5FD01,ORD-FF0A72CD10,SER-C740951A5B,Vehicle 05,2020-03-28 00:00:00,C34,INV-8A8AB91A36,4423694,,1760,Incomplete
ID-AFFA5F701D,ORD-437AA5D134,SER-C6A9F25969,Vehicle 02,2020-03-29 00:00:00,Sample,INV-C9AB7242EB,5637152,Customer 03,1760,Incomplete
ID-86159C26C7,ORD-BA6204958E,SER-544BDD89F1,Vehicle 11,2020-03-30 00:00:00,C34,INV-DBE70B09E5,4908584,,1759,Incomplete
ID-E57C9E89A8,ORD-8045E297EF,SER-61DB4AFBC5,Vehicle 08,2020-03-29 00:00:00,iC34,INV-11AA100E33,4512615,Customer 03,1759,Incomplete
ID-7616CE58DC,ORD-C9388B5899,SER-357A632C55,Vehicle 06,2020-03-30 00:00:00,Standard,INV-F2A2383FBA,5191248,Customer 08,1759,Incomplete
ID-78FFA1B6E9,ORD-FCB9035A6A,SER-C03C0CB14C,Vehicle 05,2020-03-29 00:00:00,Standard,INV-5CAA2A6499,4036722,Customer 06,1759,Incomplete
ID-0A2D5FB6F3,ORD-DD7D535135,SER-FE854CA39D,Vehicle 04,2020-03-29 00:00:00,MH21,INV-2C11892C3D,5375590,,1759,Incomplete
ID-65D8A699B0,ORD-BCA5F52206,SER-631E5F894E,,2020-03-30 00:00:00,Standard,INV-C47EF95CBC,2593071,,1759,Complete
ID-012FE4D7F2,ORD-8C4172AF73,SER-1D83755E93,Vehicle 02,2020-03-29 00:00:00,C34,INV-956F2A49B7,5995244,Customer 02,1759,Incomplete
ID-DBCDED0558,ORD-C09E0A2267,SER-A3985D2003,Vehicle 02,2020-03-30 00:00:00,Sample,INV-091BF63163,3848904,Customer 10,1759,Complete
ID-7F972637F7,ORD-AF18A0356B,SER-7D801E3E10,Vehicle 02,2020-03-30 00:00:00,MH21,INV-549FB48CC6,4634490,Customer 09,1758,Additionals
ID-1336B8C1ED,ORD-4813E53F90,SER-C23394BD8F,Vehicle 05,2020-03-30 00:00:00,Standard,INV-097C999FD1,5294982,Customer 10,1758,Complete
ID-3FC5E9D054,ORD-B447219A26,SER-2FC56D10DE,Vehicle 14,2020-03-31 00:00:00,C34,INV-15B741EAD7,4104959,Customer 09,1758,Incomplete
ID-CBC384642B,ORD-F49DF7A5EA,SER-AF8AA8037E,Vehicle 03,2020-03-30 00:00:00,Standard,INV-FCDA6E5C79,5847018,Customer 15,1758,Incomplete
ID-743D0FC40D,ORD-78F77BD282,SER-227BDD88BD,Vehicle 03,2020-04-01 00:00:00,Standard,INV-B330888501,3089583,Customer 12,1756,Incomplete
ID-EE12630B66,ORD-8C3FC5FEFB,SER-39C84B9A9B,Vehicle 03,2020-04-02 00:00:00,MH21,INV-91024DD25A,5721733,,1755,Complete
ID-1EF71411E5,ORD-382A5426C8,SER-0AB4AC7C3B,Vehicle 03,2020-04-02 00:00:00,MH21,INV-471AC54EF3,4844079,Customer 10,1755,Incomplete
ID-B6A128AE50,ORD-3C989AB5F0,SER-8E3038A626,Vehicle 07,2020-04-02 00:00:00,Standard,INV-298785AB20,3466385,Customer 11,1755,Additionals
ID-1A0BD4E1F9,ORD-F4360B5B8C,SER-C4E44B7599,Vehicle 11,2020-04-02 00:00:00,MH21,INV-C15285D9E9,4171375,Customer 06,1755,Complete
ID-51A2AEE74F,ORD-4498CE4972,SER-EB49BC2992,Vehicle 17,2020-04-02 00:00:00,Standard,INV-BA3F66AC72,4965184,Customer 11,1755,Incomplete
ID-6DF8F8BB1F,ORD-72F7BC7EB5,SER-BB7C0B0E54,Vehicle 02,2020-04-02 00:00:00,Sample,INV-2AF4875E2D,5515864,Customer 03,1755,Complete
ID-5BECA648FD,ORD-3CCF5F3A9F,SER-FF2B6FCC4C,Vehicle 03,2020-04-04 00:00:00,C34,INV-6984A523E3,3890873,Customer 09,1754,Complete
ID-4C47589857,ORD-2495943E8F,SER-342A29AA34,Vehicle 03,2020-04-03 00:00:00,Standard,INV-F8089E8A72,5150819,,1754,Incomplete
ID-2842B24260,ORD-83E6A010E2,SER-67FCC345E5,Vehicle 11,2020-04-04 00:00:00,C34,INV-B6969A8D59,3355557,Customer 12,1754,Complete
ID-B043098D9F,ORD-4583A61CD3,SER-42F70D8FCD,Vehicle 07,2020-04-03 00:00:00,Standard,INV-C9E1267158,5690044,Customer 05,1754,Complete
ID-58A5549A97,ORD-29A3973429,SER-DE6C193396,Vehicle 06,2020-04-05 00:00:00,C34,INV-60240345A4,5562663,Customer 04,1753,Incomplete
ID-C6759E8C43,ORD-6FE1D4D651,SER-2F35DEA431,Vehicle 08,2020-04-04 00:00:00,Standard,INV-71773B96EE,3529483,Customer 12,1753,Complete
